"Timestamp","Username","","Φύλο","Ηλικία","Επίπεδο Σπουδών","Είστε φυσική/ος ομιλήτρια/ομιλητής των Ελληνικών;","Έχετε συχνή επαφή με την ελληνική γλώσσα; Αν όχι, πατήστε στο ""άλλο"" και γράψτε την αιτία που γίνεται αυτό.","Μένετε στην Ελλάδα; Αν όχι, πατήστε στο ""άλλο"" και αναφέρετε τον τόπο διαμονής σας και πόσα χρόνια ζείτε εκεί.","Μήπως είστε δίγλωσσο/πολύγλωσσο άτομο; Δηλαδή, εκτός από την ελληνική έχετε και άλλη μητρική γλώσσα; Αν ναι, δηλώστε ποια/ποιες είναι αυτές οι μητρικές. ","Είστε ομιλητής κάποιας άλλης ποικιλίας της Ελληνικής; Αν ναι, πέστε μας ποιας","Σε ποια περιοχή της Ελλάδος μεγαλώσατε μέχρι τα 18 σας; Αν μεγαλώσατε στο εξωτερικό, δηλώστε τα μέρη καταγωγής των γονιών σας. ","Δηλώστε αν οι γονείς σας είναι ομιλητές κάποιας άλλης ποικιλίας της Ελληνικής","H Μαρία έχει δυο αδέρφια. Ο ένας από τους δυο υποστηρίζει ότι η γη είναι επίπεδη, ενώ ο δεύτερος προσπαθεί να τον πείσει για το αντίθετο, αλλά δεν έχει τις θεωρητικές γνώσεις για να το κάνει. Η κολλητή της Μαρίας, η Αντωνία, είναι Θεωρητική Φυσικός με διδακτορικό στην Αστροφυσική. Μια μέρα η Αντωνία εξηγούσε στη Μαρία πόσο παράλογη είναι η αντίληψη ότι η γη είναι επίπεδη. Η Μαρία τότε είπε: «𝝨𝞃𝝾𝝼 έ𝝽𝞄𝝿𝝼𝝾 𝞃𝝾𝝼 𝝰𝝳𝝴𝞀𝞅ό 𝝻𝝾𝞄 𝝼𝝰 𝞃𝝰 𝝿𝝴𝝸ς 𝝰𝞄𝞃ά».","H Μαρία έχει δυο αδέρφια. Ο ένας από τους δυο υποστηρίζει ότι η γη είναι επίπεδη, ενώ ο δεύτερος προσπαθεί να τον πείσει για το αντίθετο, αλλά δεν έχει τις θεωρητικές γνώσεις για να το κάνει. Η κολλητή της Μαρίας, η Αντωνία, είναι Θεωρητική Φυσικός με διδακτορικό στην Αστροφυσική. Μια μέρα η Αντωνία εξηγούσε στη Μαρία πόσο παράλογη είναι η αντίληψη ότι η γη είναι επίπεδη. Η Μαρία τότε είπε: «𝞢𝞽𝞸𝞶 έ𝞷𝞾𝞹𝞶𝞸 𝞪𝞭𝞮𝞺𝞿ό 𝞵𝞸𝞾 𝞶𝞪 𝞽𝞪 𝞹𝞮𝞲ς 𝞪𝞾𝞽ά».                                                  ","H Μαρία έχει έναν αδερφό, ο οποίος υποστηρίζει ότι η γη είναι επίπεδη. Η κολλητή της Μαρίας, η Αντωνία, είναι θεωρητική φυσικός με διδακτορικό στην αστροφυσική. Μια μέρα η Αντωνία εξηγούσε στη Μαρία πόσο παράλογη είναι η αντίληψη ότι η γη είναι επίπεδη. Η Μαρία τότε είπε: «𝝨𝞃𝝾𝝼 έ𝝽𝞄𝝿𝝼𝝾 𝝰𝝳𝝴𝞀𝞅ό 𝝻𝝾𝞄 𝝼𝝰 𝞃𝝰 𝝿𝝴𝝸ς 𝝰𝞄𝞃ά».","H Μαρία έχει έναν αδερφό, ο οποίος υποστηρίζει ότι η γη είναι επίπεδη. Η κολλητή της Μαρίας, η Αντωνία, είναι θεωρητική φυσικός με διδακτορικό στην αστροφυσική. Μια μέρα η Αντωνία εξηγούσε στη Μαρία πόσο παράλογη είναι η αντίληψη ότι η γη είναι επίπεδη. Η Μαρία τότε είπε: «𝞢𝞽𝞸𝞶 έ𝞷𝞾𝞹𝞶𝞸 𝞽𝞸𝞶 𝞪𝞭𝞮𝞺𝞿ό 𝞵𝞸𝞾 𝞶𝞪 𝞽𝞪 𝞹𝞮𝞲ς 𝞪𝞾𝞽ά».","H Μαρία έχει έναν αδερφό, ο οποίος υποστηρίζει ότι η γη είναι επίπεδη. Η κολλητή της Μαρίας, η Αντωνία, είναι θεωρητική φυσικός με διδακτορικό στην αστροφυσική. Μια μέρα η Αντωνία εξηγούσε στη Μαρία πόσο παράλογη είναι η αντίληψη ότι η γη είναι επίπεδη. Η Μαρία τότε είπε: «𝞢𝞽𝞸𝞶 𝞪𝞭𝞮𝞺𝞿ό 𝞵𝞸𝞾 𝞶𝞪 𝞽𝞪 𝞹𝞮𝞲ς 𝞪𝞾𝞽ά, 𝞽𝞸𝞶 έ𝞷𝞾𝞹𝞶𝞸».","Ο Γιώργος είχε έξι γάτες, όλες μαύρες. Όταν έφευγε ταξίδι, τις άφηνε να τις φροντίζει ο γείτονας. 𝞞𝞲 𝞵𝞪ύ𝞺𝞮ς 𝞬ά𝞽𝞮ς 𝞪𝞬𝞪𝞹𝞸ύ𝞼𝞪𝞶 𝞽𝞸𝞶 𝞬𝞮ί𝞽𝞸𝞶𝞪. ","Ο Γιώργος είχε έξι γάτες, όλες μαύρες. Όταν έφευγε ταξίδι, τις άφηνε να τις φροντίζει ο γείτονας. 𝞞𝞲 𝞵𝞪ύ𝞺𝞮ς 𝞸𝞲 𝞬ά𝞽𝞮ς 𝞪𝞬𝞪𝞹𝞸ύ𝞼𝞪𝞶 𝞽𝞸𝞶 𝞬𝞮ί𝞽𝞸𝞶𝞪. ","Η Μαρία είχε έξι γάτες, τέσσερις μαύρες και δυο άσπρες. Όταν έφευγε ταξίδι, τις γάτες τις φρόντιζε ο γείτονας.  𝞞𝞲 𝞵𝞪ύ𝞺𝞮ς 𝞸𝞲 𝞬ά𝞽𝞮ς 𝞭𝞮𝞶 𝞽𝞸𝞶 𝞼𝞾𝞵𝞹𝞪𝞱𝞸ύ𝞼𝞪𝞶 𝞳𝞪𝞱ό𝞴𝞸𝞾, 𝞹𝞪𝞺ό𝞴𝞪 𝞪𝞾𝞽ά.                                                                                                                                                                                                                ","Η Μαρία είχε έξι γάτες, τέσσερις μαύρες και δυο άσπρες.Όταν έφευγε ταξίδι, τις γάτες τις φρόντιζε ο γείτονας. 𝞞𝞲 𝞵𝞪ύ𝞺𝞮ς 𝞬ά𝞽𝞮ς 𝞭𝞮𝞶 𝞽𝞸𝞶 𝞼𝞾𝞵𝞹𝞪𝞱𝞸ύ𝞼𝞪𝞶 𝞳𝞪𝞱ό𝞴𝞸𝞾, 𝞹𝞪𝞺ό𝞴𝞪 𝞪𝞾𝞽ά.","Η θεία μου αγαπάει πολύ τα ζώα και έχει στο σπίτι δύο παπαγαλάκια και τέσσερις μικρές γάτες. Τα παπαγαλάκια της δημιουργούν ένα σωρό προβλήματα. 𝜜𝝅ό 𝝉𝜼𝝂 ά𝝀𝝀𝜼 𝝁𝜺𝝆𝜾ά, 𝝄𝜾 𝝁𝜾𝜿𝝆ές 𝝄𝜾 𝜸ά𝝉𝜺ς 𝜹𝜺𝝂 𝜺ί𝝂𝜶𝜾 𝜿𝜶𝜽ό𝝀𝝄𝝊 𝜶𝝅𝜶𝜾𝝉𝜼𝝉𝜾𝜿ές.","Ο ξάδερφός μου ο Γιάννης αγαπάει πολύ τα ζώα και έχει πολλά κατοικίδια. Τα κουνέλια του είναι πολύ ήσυχα και δεν του δημιουργούν κανένα πρόβλημα. 𝜪𝜾 𝝁𝜶ύ𝝆𝝄𝜾 𝝄𝜾 𝝈𝜿ύ𝝀𝝄𝜾 𝝉𝝄𝝊, 𝜶𝝅ό 𝝉𝜼𝝂 ά𝝀𝝀𝜼, 𝜺ί𝝂𝜶𝜾 𝝅𝝄𝝀ύ 𝜶𝝅𝜶𝜾𝝉𝜼𝝉𝜾𝜿𝝄ί.","Ο ξάδερφός μου ο Γιάννης αγαπάει πολύ τα ζώα και έχει πολλά κατοικίδια. Τα κουνέλια του είναι πολύ ήσυχα και δεν του δημιουργούν κανένα πρόβλημα. 𝜪𝜾 𝝁𝜶ύ𝝆𝝄𝜾 𝝈𝜿ύ𝝀𝝄𝜾 𝝉𝝄𝝊, 𝜶𝝅ό 𝝉𝜼𝝂 ά𝝀𝝀𝜼, 𝜺ί𝝂𝜶𝜾 𝝅𝝄𝝀ύ 𝜶𝝅𝜶𝜾𝝉𝜼𝝉𝜾𝜿𝝄ί.","Η θεία μου αγαπάει πολύ τα ζώα και έχει στο σπίτι δύο παπαγαλάκια και τέσσερις μικρές γάτες. Τα παπαγαλάκια της δημιουργούν ένα σωρό προβλήματα. 𝜜𝝅ό 𝝉𝜼𝝂 ά𝝀𝝀𝜼 𝝁𝜺𝝆𝜾ά, 𝝄𝜾 𝝁𝜾𝜿𝝆ές 𝜸ά𝝉𝜺ς 𝜹𝜺𝝂 𝜺ί𝝂𝜶𝜾 𝜿𝜶𝜽ό𝝀𝝄𝝊 𝜶𝝅𝜶𝜾𝝉𝜼𝝉𝜾𝜿ές.","H Ελένη μαζί με τη Μαρία βρίσκονται στην έρημο, κοντά στην περιοχή της Αιγύπτου που ζει η πρώτη. Η Ελένη έχει πει στη Μαρία πως η μόνη βλάστηση που υπάρχει στα 50 χιλιόμετρα αποτελείται από χαμηλούς θάμνους. Οδηγώντας με το τζιπ περνάνε από αυτήν την περιοχή με τους χαμηλούς θάμνους και η Ελένη τότε λέει στη Μαρία: «𝝤𝝸 𝞆𝝰𝝻𝝶𝝺𝝾ί 𝝾𝝸 𝝷ά𝝻𝝼𝝾𝝸 𝝴ί𝝼𝝰𝝸 𝝰𝞄𝞃𝝾ί 𝝴𝝳ώ»","H Ελένη μαζί με τη Μαρία βρίσκονται στην έρημο, κοντά στην περιοχή της Αιγύπτου που ζει η πρώτη. Η Ελένη έχει πει στη Μαρία πως η μόνη βλάστηση που υπάρχει στα 50 χιλιόμετρα αποτελείται από χαμηλούς θάμνους. Οδηγώντας με το τζιπ περνάνε από αυτήν την περιοχή με τους χαμηλούς θάμνους και η Ελένη τότε λέει στη Μαρία: «𝝤𝝸 𝞆𝝰𝝻𝝶𝝺𝝾ί 𝝷ά𝝻𝝼𝝾𝝸 𝝴ί𝝼𝝰𝝸 𝝰𝞄𝞃𝝾ί 𝝴𝝳ώ»","H Ελένη μαζί με τη Μαρία βρίσκονται στην έρημο, κοντά στην περιοχή της Αιγύπτου που ζει η πρώτη. Η Ελένη έχει πει στη Μαρία πως η μόνη βλάστηση που υπάρχει στα 50 χιλιόμετρα αποτελείται από χαμηλούς θάμνους. Οδηγώντας με το τζιπ περνάνε από αυτήν την περιοχή με τους χαμηλούς θάμνους και η Ελένη τότε λέει στη Μαρία: «𝜪𝜾 𝝌𝜶𝝁𝜼𝝀𝝄ί 𝝄𝜾 𝜽ά𝝁𝝂𝝄𝜾 𝝅𝝄𝝊 𝝈𝝄𝝊 έ𝝀𝜺𝜸𝜶 𝝅𝝆𝝄𝝌𝜽ές 𝝉𝝄 𝜷𝝆ά𝜹𝝊 𝜺ί𝝂𝜶𝜾 𝜶𝝊𝝉𝝄ί 𝜺𝜹ώ»","H Ελένη μαζί με τη Μαρία βρίσκονται στην έρημο, κοντά στην περιοχή της Αιγύπτου που ζει η πρώτη. Η Ελένη έχει πει στη Μαρία πως η μόνη βλάστηση που υπάρχει στα 50 χιλιόμετρα αποτελείται από χαμηλούς θάμνους. Οδηγώντας με το τζιπ περνάνε από αυτήν την περιοχή με τους χαμηλούς θάμνους και η Ελένη τότε λέει στη Μαρία: «𝜪𝜾 𝝌𝜶𝝁𝜼𝝀𝝄ί 𝜽ά𝝁𝝂𝝄𝜾 𝝅𝝄𝝊 𝝈𝝄𝝊 έ𝝀𝜺𝜸𝜶 𝝅𝝆𝝄𝝌𝜽ές 𝝉𝝄 𝜷𝝆ά𝜹𝝊 𝜺ί𝝂𝜶𝜾 𝜶𝝊𝝉𝝄ί 𝜺𝜹ώ»","H Ελένη μαζί με τη Μαρία βρίσκονται στην έρημο, κοντά στην περιοχή της Αιγύπτου που ζει η πρώτη. Η Ελένη έχει πει στη Μαρία πως η μόνη βλάστηση που υπάρχει στα 50 χιλιόμετρα αποτελείται από χαμηλούς θάμνους. Οδηγώντας με το τζιπ περνάνε από αυτήν την περιοχή με τους χαμηλούς θάμνους και η Ελένη τότε λέει στη Μαρία: «𝜪𝜾 𝝌𝜶𝝁𝜼𝝀𝝄ί 𝝄𝜾 𝜽ά𝝁𝝂𝝄𝜾 𝝅𝝄𝝊 𝝈𝝄𝝊 έ𝝀𝜺𝜸𝜶 𝝅𝝆𝝄𝝌𝜽ές 𝜺ί𝝂𝜶𝜾 𝜶𝝊𝝉𝝄ί 𝜺𝜹ώ»","H Ελένη μαζί με τη Μαρία βρίσκονται στην έρημο, κοντά στην περιοχή της Αιγύπτου που ζει η πρώτη. Η Ελένη έχει πει στη Μαρία πως η μόνη βλάστηση που υπάρχει στα 50 χιλιόμετρα αποτελείται από χαμηλούς θάμνους. Οδηγώντας με το τζιπ περνάνε από αυτήν την περιοχή με τους χαμηλούς θάμνους και η Ελένη τότε λέει στη Μαρία: «𝜪𝜾 𝝌𝜶𝝁𝜼𝝀𝝄ί 𝜽ά𝝁𝝂𝝄𝜾 𝝅𝝄𝝊 𝝈𝝄𝝊 έ𝝀𝜺𝜸𝜶 𝝅𝝆𝝄𝝌𝜽ές 𝜺ί𝝂𝜶𝜾 𝜶𝝊𝝉𝝄ί 𝜺𝜹ώ»","Ο ΠΑΟΚ, που εντωμεταξύ στέφθηκε πρωταθλητής την προηγούμενη χρονιά, έχει κερδίσει τον Ολυμπιακό εκτός έδρας και με τρεις αγωνιστικές να υπολείπονται είναι πρώτος. Δυο οπαδοί του ΠΑΟΚ σε ένα καφενείο στην Άνω Τούμπα συζητάνε για την επερχόμενη κατάκτηση του πρωταθλήματος. Ο ένας λέει στον άλλο: «𝜢 𝜫𝜜𝜪𝜥ά𝝆𝜶 𝜽𝜶 𝝁𝜶ς 𝝋έ𝝆𝜺𝜾 𝝉𝝄 𝝅𝝆𝝎𝝉ά𝜽𝝀𝜼𝝁𝜶 𝝈𝝉𝝄𝝂 𝜦𝜺𝝊𝜿ό 𝜫ύ𝝆𝜸𝝄 𝜿𝜶𝜾 𝝋έ𝝉𝝄ς»","Η Ελένη και η Μαρία έχουν βγει για καφέ και συζητούν για έναν πολύ κοντινό τους φίλο που ονομάζεται Κώστας Παπαδόπουλος. Ο Κώστας είναι πολύ ευέξαπτος χαρακτήρας και μπλέκει συνέχεια σε αναίτιους καυγάδες. Η Μαρία εξιστορεί στην Ελένη πώς ο Κώστας κατάφερε να μαλώσει εχθές με το αφεντικό του και αυτή αναφωνεί: «𝜧ό𝝂𝝄 𝝄 𝜥ώ𝝈𝝉𝜶ς 𝜫𝜶𝝅𝜶𝜹ό𝝅𝝄𝝊𝝀𝝄ς 𝜽𝜶 𝝁𝝅𝝄𝝆𝝄ύ𝝈𝜺 𝝂𝜶 𝜿ά𝝂𝜺𝜾 𝜿ά𝝉𝜾 𝝉έ𝝉𝝄𝜾𝝄❗»","Η Ελένη και η Μαρία έχουν βγει για καφέ και συζητούν για έναν πολύ κοντινό τους φίλο που ονομάζεται Κώστας Παπαδόπουλος. Ο Κώστας είναι πολύ ευέξαπτος χαρακτήρας και μπλέκει συνέχεια σε αναίτιους καυγάδες. Η Μαρία εξιστορεί στην Ελένη πώς ο Κώστας κατάφερε να μαλώσει εχθές με το αφεντικό του και αυτή αναφωνεί: «𝜧ό𝝂𝝄 𝝄 𝜥ώ𝝈𝝉𝜶ς o 𝜫𝜶𝝅𝜶𝜹ό𝝅𝝄𝝊𝝀𝝄ς 𝜽𝜶 𝝁𝝅𝝄𝝆𝝄ύ𝝈𝜺 𝝂𝜶 𝜿ά𝝂𝜺𝜾 𝜿ά𝝉𝜾 𝝉έ𝝉𝝄𝜾𝝄❗»","Ο ΠΑΟΚ, που εντωμεταξύ στέφθηκε πρωταθλητής την προηγούμενη χρονιά, έχει κερδίσει τον Ολυμπιακό εκτός έδρας και με τρεις αγωνιστικές να υπολείπονται είναι πρώτος. Δυο οπαδοί του ΠΑΟΚ σε ένα καφενείο στην Άνω Τούμπα συζητάνε για την επερχόμενη κατάκτηση του πρωταθλήματος. Ο ένας λέει στον άλλο: «𝜢 𝜫𝜜𝜪𝜥ά𝝆𝜶 𝜽𝜶 𝝁𝜶ς 𝝋έ𝝆𝜺𝜾 𝝉𝝄 𝝅𝝆𝝎𝝉ά𝜽𝝀𝜼𝝁𝜶 𝝈𝝉𝝄𝝂 𝜦𝜺𝝊𝜿ό 𝝉𝝄𝝂 𝜫ύ𝝆𝜸𝝄 𝜿𝜶𝜾 𝝋έ𝝉𝝄ς»","Ο ΠΑΟΚ, που εντωμεταξύ στέφθηκε πρωταθλητής την προηγούμενη χρονιά, έχει κερδίσει τον Ολυμπιακό εκτός έδρας και με τρεις αγωνιστικές να υπολείπονται είναι πρώτος. Δυο οπαδοί του ΠΑΟΚ σε ένα καφενείο στην Άνω Τούμπα συζητάνε για την επερχόμενη κατάκτηση του πρωταθλήματος. Ο ένας λέει στον άλλο: «𝜢 𝜫𝜜𝜪𝜥ά𝝆𝜶 𝜽𝜶 𝝁𝜶ς 𝝋έ𝝆𝜺𝜾 𝝉𝝄 𝝅𝝆𝝎𝝉ά𝜽𝝀𝜼𝝁𝜶 𝝈𝝉𝝄𝝂 𝜫ύ𝝆𝜸𝝄 𝝉𝝄𝝂 𝜦𝜺𝝊𝜿ό 𝜿𝜶𝜾 𝝋έ𝝉𝝄ς»","Η Μαρία είναι μάρτυρας τρακαρίσματος. Ένα φορτηγό τράκαρε μια μοτοσυκλέτα, ευτυχώς χωρίς να υπάρχουν τραυματίες. Ένας περαστικός που τυχαίνει να περνάει εκείνη την ώρα, σταματάει και ρωτάει τη Μαρία: «Tι συμβαίνει;». Η Μαρία απαντάει: «𝗧𝝾 𝞅𝝾𝞀𝞃𝝶𝝲ό 𝞃𝞀ά𝝹𝝰𝞀𝝴 𝞃𝝶 𝝻𝝾𝞃𝝾𝞂𝞄𝝹𝝺έ𝞃𝝰» ","Ο Νίκος και η Άννα είναι φανατικοί τηλεθεατές μιας καθημερινής σαπουνόπερας. Εχθές, την ώρα που την έβλεπαν, ο Νίκος αναγκάστηκε να λείψει για τρία λεπτά. Όταν γύρισε, ρώτησε την Άννα τι συνέβη όσο έλειπε. Αυτή απάντησε: «𝝤 𝝘𝝸ά𝝲𝝹𝝾ς 𝞃𝝶𝝺𝝴𝞅ώ𝝼𝝶𝞂𝝴 𝞂𝞃𝝶 𝝗ί𝞀𝝼𝝰.»   ","Ο Νίκος και η Άννα είναι φανατικοί τηλεθεατές μιας καθημερινής σαπουνόπερας. Εχθές, την ώρα που την έβλεπαν, ο Νίκος αναγκάστηκε να λείψει για τρία λεπτά. Όταν γύρισε, ρώτησε την Άννα τι συνέβη όσο έλειπε. Αυτή απάντησε: «𝝩𝝶𝝺𝝴𝞅ώ𝝼𝝶𝞂𝝴 𝝾 𝝘𝝸ά𝝲𝝹𝝾ς 𝞂𝞃𝝶 𝝗ί𝞀𝝼𝝰.»   ","Ο Νίκος και η Άννα είναι φανατικοί τηλεθεατές μιας καθημερινής σαπουνόπερας. Εχθές, την ώρα που την έβλεπαν, ο Νίκος αναγκάστηκε να λείψει για τρία λεπτά. Όταν γύρισε, ρώτησε την Άννα τι συνέβη όσο έλειπε. Αυτή απάντησε: «𝜯𝜼𝝀𝜺𝝋ώ𝝂𝜼𝝈𝜺 𝝈𝝉𝜼 𝜝ί𝝆𝝂𝜶 𝝄 𝜞𝜾ά𝜸𝜿𝝄ς.»   ","Ο Νίκος και η Άννα είναι φανατικοί τηλεθεατές μιας καθημερινής σαπουνόπερας. Εχθές, την ώρα που την έβλεπαν, ο Νίκος αναγκάστηκε να λείψει για τρία λεπτά. Όταν γύρισε, ρώτησε την Άννα τι συνέβη όσο έλειπε. Αυτή απάντησε: «𝜮𝝉𝜼 𝜝ί𝝆𝝂𝜶 𝝉𝜼𝝀𝜺𝝋ώ𝝂𝜼𝝈𝜺 𝝄 𝜞𝜾ά𝜸𝜿𝝄ς.»   ","Ο Νίκος και η Άννα είναι φανατικοί τηλεθεατές μιας καθημερινής σαπουνόπερας. Εχθές, την ώρα που την έβλεπαν, ο Νίκος αναγκάστηκε να λείψει για τρία λεπτά. Όταν γύρισε, ρώτησε την Άννα τι συνέβη όσο έλειπε. Αυτή απάντησε: «𝜮𝝉𝜼 𝜝ί𝝆𝝂𝜶 𝝄 𝜞𝜾ά𝜸𝜿𝝄ς 𝝉𝜼𝝀𝜺𝝋ώ𝝂𝜼𝝈𝜺.»   ","Ο Νίκος και η Άννα είναι φανατικοί τηλεθεατές μιας καθημερινής σαπουνόπερας. Εχθές, την ώρα που την έβλεπαν, ο Νίκος αναγκάστηκε να λείψει για τρία λεπτά. Όταν γύρισε, ρώτησε την Άννα τι συνέβη όσο έλειπε. Αυτή απάντησε: «𝜪 𝜞𝜾ά𝜸𝜿𝝄ς, 𝝈𝝉𝜼 𝜝ί𝝆𝝂𝜶 𝝉𝜼𝝀𝜺𝝋ώ𝝂𝜼𝝈𝜺.»   ","Η Μαρία είναι μάρτυρας τρακαρίσματος. Ένα φορτηγό τράκαρε μια μοτοσυκλέτα, ευτυχώς χωρίς να υπάρχουν τραυματίες. Ένας περαστικός που τυχαίνει να περνάει εκείνη την ώρα, σταματάει και ρωτάει τη Μαρία «Tι συμβαίνει;». Η Μαρία απαντάει: «𝑻𝝆ά𝜿𝜶𝝆𝜺 𝝉𝝄 𝝋𝝄𝝆𝝉𝜼𝜸ό 𝝉𝜼 𝝁𝝄𝝉𝝄𝝈𝝊𝜿𝝀έ𝝉𝜶.» ","Η Μαρία είναι μάρτυρας τρακαρίσματος. Ένα φορτηγό τράκαρε μια μοτοσυκλέτα, ευτυχώς χωρίς να υπάρχουν τραυματίες. Ένας περαστικός που τυχαίνει να περνάει εκείνη την ώρα, σταματάει και ρωτάει τη Μαρία: «Tι συμβαίνει;». Η Μαρία απαντάει: «𝑻𝝆ά𝜿𝜶𝝆𝜺 𝝉𝜼 𝝁𝝄𝝉𝝄𝝈𝝊𝜿𝝀έ𝝉𝜶 𝝉𝝄 𝝋𝝄𝝆𝝉𝜼𝜸ό.» ","Η Μαρία είναι μάρτυρας τρακαρίσματος. Ένα φορτηγό τράκαρε μια μοτοσυκλέτα, ευτυχώς χωρίς να υπάρχουν τραυματίες. Ένας περαστικός που τυχαίνει να περνάει εκείνη την ώρα, σταματάει και ρωτάει τη Μαρία: «Tι συμβαίνει;». Η Μαρία απαντάει: «𝑻𝜼 𝝁𝝄𝝉𝝄𝝈𝝊𝜿𝝀έ𝝉𝜶 𝝉𝝆ά𝜿𝜶𝝆𝜺 𝝉𝝄 𝝋𝝄𝝆𝝉𝜼𝜸ό.» ","Η Μαρία είναι μάρτυρας τρακαρίσματος. Ένα φορτηγό τράκαρε μια μοτοσυκλέτα, ευτυχώς χωρίς να υπάρχουν τραυματίες. Ένας περαστικός που τυχαίνει να περνάει εκείνη την ώρα, σταματάει και ρωτάει τη Μαρία: «Tι συμβαίνει;». Η Μαρία απαντάει: «𝜯𝜼 𝝁𝝄𝝉𝝄𝝈𝝊𝜿𝝀έ𝝉𝜶 𝝉𝝄 𝝋𝝄𝝆𝝉𝜼𝜸ό 𝝉𝝆ά𝜿𝜶𝝆𝜺.» ","Η Μαρία είναι μάρτυρας τρακαρίσματος. Ένα φορτηγό τράκαρε μια μοτοσυκλέτα, ευτυχώς χωρίς να υπάρχουν τραυματίες. Ένας περαστικός που τυχαίνει να περνάει εκείνη την ώρα, σταματάει και ρωτάει τη Μαρία: «Τι συμβαίνει;». Η Μαρία απαντάει: «𝜯𝝄 𝝋𝝄𝝆𝝉𝜼𝜸ό, 𝝉𝜼 𝝁𝝄𝝉𝝄𝝈𝝊𝜿𝝀έ𝝉𝜶 𝝉𝝆ά𝜿𝜶𝝆𝜺.» ","Πριν μερικές μέρες, ο Γιώργος συζητούσε με τον φίλο του Μανόλη σχετικά με την επικείμενη αγορά ενός φορητού υπολογιστή από τον πρώτο. Ο Γιώργος αποφάσισε να αγοράσει έναν μικρό και φτηνό φορητό υπολογιστή τελικά, μια και οι δουλειές που θα τον χρειαζόταν δεν απαιτούσαν κάτι παραπάνω. Κάποιες βδομάδες αργότερα, οι δυο φίλοι ξαναβρέθηκαν και ο Μανόλης ρώτησε τι γίνεται με τις δουλειές, για τις οποίες συζητούσαν την αγορά φορητού πριν μερικές βδομάδες. Ο Γιώργος απάντησε: «𝜯𝝄 𝝁𝜾𝜿𝝆ό 𝝀ά𝝅𝝉𝝄𝝅 έ𝜿𝜶𝝂𝜺 𝜹𝝄𝝊𝝀𝜺𝜾ά.»","Πριν μερικές μέρες, ο Γιώργος συζητούσε με τον φίλο του Μανόλη σχετικά με την επικείμενη αγορά ενός φορητού υπολογιστή από τον πρώτο. Ο Γιώργος αποφάσισε να αγοράσει έναν μικρό και φτηνό φορητό υπολογιστή τελικά, μια και οι δουλειές που θα τον χρειαζόταν δεν απαιτούσαν κάτι παραπάνω. Κάποιες βδομάδες αργότερα, οι δυο φίλοι ξαναβρέθηκαν και ο Μανόλης ρώτησε τι γίνεται με τις δουλειές, για τις οποίες συζητούσαν την αγορά φορητού πριν μερικές βδομάδες. Ο Γιώργος απάντησε: «𝑻𝝄 𝝁𝜾𝜿𝝆ό 𝝉𝝄 𝝀ά𝝅𝝉𝝄𝝅 έ𝜿𝜶𝝂𝜺 𝜹𝝄𝝊𝝀𝜺𝜾ά.»","Πριν μερικές μέρες, ο Γιώργος συζητούσε με τον φίλο του Μανόλη σχετικά με την επικείμενη αγορά ενός φορητού υπολογιστή από τον πρώτο. Ο Γιώργος αποφάσισε να αγοράσει έναν μικρό και φτηνό φορητό υπολογιστή τελικά, μια και οι δουλειές που θα τον χρειαζόταν δεν απαιτούσαν κάτι παραπάνω. Κάποιες βδομάδες αργότερα, οι δυο φίλοι ξαναβρέθηκαν και ο Μανόλης ρώτησε τι γίνεται με τις δουλειές, για τις οποίες συζητούσαν την αγορά φορητού πριν μερικές βδομάδες. Ο Γιώργος απάντησε: «𝜯𝝄 𝝁𝜾𝜿𝝆ό 𝝀ά𝝅𝝉𝝄𝝅 𝝅𝝄𝝊 𝜶𝜸ό𝝆𝜶𝝈𝜶 έ𝜿𝜶𝝂𝜺 𝜹𝝄𝝊𝝀𝜺𝜾ά.»","Πριν μερικές μέρες, ο Γιώργος συζητούσε με τον φίλο του Μανόλη σχετικά με την επικείμενη αγορά ενός φορητού υπολογιστή από τον πρώτο. Ο Γιώργος αποφάσισε να αγοράσει έναν μικρό και φτηνό φορητό υπολογιστή τελικά, μια και οι δουλειές που θα τον χρειαζόταν δεν απαιτούσαν κάτι παραπάνω. Κάποιες βδομάδες αργότερα, οι δυο φίλοι ξαναβρέθηκαν και ο Μανόλης ρώτησε τι γίνεται με τις δουλειές, για τις οποίες συζητούσαν την αγορά φορητού πριν μερικές βδομάδες. Ο Γιώργος απάντησε: «𝜯𝝄 𝝁𝜾𝜿𝝆ό 𝝉𝝄 𝝀ά𝝅𝝉𝝄𝝅 𝝅𝝄𝝊 𝜶𝜸ό𝝆𝜶𝝈𝜶 έ𝜿𝜶𝝂𝜺 𝜹𝝄𝝊𝝀𝜺𝜾ά.»","Η Ναταλία δεν είχε πλέον κανέναν λόγο να μένει σε αυτήν την πόλη. Όλα της είχαν πάει στραβά. Παρόλα αυτά, δεν θα το έβαζε κάτω. Τηλεφώνησε στη μητέρα της και της είπε ότι θα πρέπει να την φιλοξενήσει για κάποιο καιρό μέχρι να ξεκινήσει την καινούρια της ζωή. Η μητέρα της, της απάντησε ότι την περιμένει. Η Ναταλία μάζεψε τα λιγοστά της ρούχα, άνοιξε την πόρτα,  𝝁𝝅ή𝜿𝜺 𝝈𝝉𝝄 𝜿𝜶𝜾𝝂𝝄ύ𝝆𝜾𝝄 𝝉𝜼ς 𝝉𝝄 𝜶𝝊𝝉𝝄𝜿ί𝝂𝜼𝝉𝝄 και ξεκίνησε για το σπίτι της μητέρας της. ","Η Ναταλία δεν είχε πλέον κανέναν λόγο να μένει σε αυτήν την πόλη. Όλα της είχαν πάει στραβά. Παρόλα αυτά, δεν θα το έβαζε κάτω. Τηλεφώνησε στη μητέρα της και της είπε ότι θα πρέπει να την φιλοξενήσει για κάποιο καιρό μέχρι να ξεκινήσει την καινούρια της ζωή. Η μητέρα της, της απάντησε ότι την περιμένει. Η Ναταλία μάζεψε τα λιγοστά της ρούχα, άνοιξε την πόρτα,  𝝁𝝅ή𝜿𝜺 𝝈𝝉𝝄 𝜿𝜶𝜾𝝂𝝄ύ𝝆𝜾𝝄 𝝉𝜼ς 𝜶𝝊𝝉𝝄𝜿ί𝝂𝜼𝝉𝝄 και ξεκίνησε για το σπίτι της μητέρας της. ","H Ελένη εξηγεί στον Γιώργο πώς έγινε και η φίλη τους η Ναταλία μετακόμισε και άλλαξε δουλειά. Ο Γιώργος είναι περίεργος και ρωτάει περισσότερες λεπτομέρειες. «Δεν έχει περισσότερες λεπτομέρειες. Απλά ένα πρωί, σηκώθηκε, 𝝁𝝅ή𝜿𝜺 𝝈𝝉𝝄 𝜿𝜶𝜾𝝂𝝄ύ𝝆𝜾𝝄 𝝉𝜼ς 𝜶𝝊𝝉𝝄𝜿ί𝝂𝜼𝝉𝝄 και έφυγε». ","H Ελένη εξηγεί στον Γιώργο πώς έγινε και η φίλη τους η Ναταλία μετακόμισε και άλλαξε δουλειά. Ο Γιώργος είναι περίεργος και ρωτάει περισσότερες λεπτομέρειες. «Δεν έχει περισσότερες λεπτομέρειες. Απλά ένα πρωί, σηκώθηκε, 𝝁𝝅ή𝜿𝜺 𝝈𝝉𝝄 𝜿𝜶𝜾𝝂𝝄ύ𝝆𝜾𝝄 𝝉𝜼ς 𝝉𝝄 𝜶𝝊𝝉𝝄𝜿ί𝝂𝜼𝝉𝝄 και έφυγε». ","O μπάρμαν στο μαγαζί που βρίσκονται η Μαρία και ο Γιάννης αποφασίζει να τους κεράσει 10 σφηνάκια ουίσκι μαζεμένα. Η Μαρία βρίσκεται στην τουαλέτα όταν ο μπάρμαν αφήνει τα ποτά στο μπαρ. Όταν επιστρέφει, ρωτάει τον Γιάννη για τα σφηνάκια. Αυτός απαντά: 𝝄 𝜿𝜶𝝁έ𝝂𝝄ς 𝝄 𝝁𝝅ά𝝆𝝁𝜶𝝂 𝝁𝜶ς 𝝉𝜶 𝜿έ𝝆𝜶𝝈𝜺. ","O μπάρμαν στο μαγαζί που βρίσκονται η Μαρία και ο Γιάννης αποφασίζει να τους κεράσει 10 σφηνάκια ουίσκι μαζεμένα. Η Μαρία βρίσκεται στην τουαλέτα όταν ο μπάρμαν αφήνει τα ποτά στο μπαρ. Όταν επιστρέφει, ρωτάει τον Γιάννη για τα σφηνάκια. Αυτός απαντά: 𝝄 𝜿𝜶𝝁έ𝝂𝝄ς 𝝁𝝅ά𝝆𝝁𝜶𝝂 𝝁𝜶ς 𝝉𝜶 𝜿έ𝝆𝜶𝝈𝜺. ","O μπάρμαν στο μαγαζί που βρίσκονται η Μαρία και ο Γιάννης αποφασίζει να τους κεράσει 10 σφηνάκια ουίσκι μαζεμένα. Η Μαρία βρίσκεται στην τουαλέτα όταν ο μπάρμαν αφήνει τα ποτά στο μπαρ. Όταν επιστρέφει, ρωτάει τον Γιάννη για τα σφηνάκια. Αυτός απαντά:  𝝄 𝝁𝝅ά𝝆𝝁𝜶𝝂 𝝁𝜶ς 𝝉𝜶 𝜿έ𝝆𝜶𝝈𝜺, 𝝄 𝜿𝜶𝝁έ𝝂𝝄ς. ","O μπάρμαν στο μαγαζί που βρίσκονται η Μαρία και ο Γιάννης αποφασίζει να τους κεράσει 10 σφηνάκια ουίσκι μαζεμένα. Η Μαρία βρίσκεται στην τουαλέτα όταν ο μπάρμαν αφήνει τα ποτά στο μπαρ. Όταν επιστρέφει, ρωτάει τον Γιάννη για τα σφηνάκια. Αυτός απαντά: 𝝄 𝝁𝝅ά𝝆𝝁𝜶𝝂 𝝄 𝜿𝜶𝝁έ𝝂𝝄ς 𝝁𝜶ς 𝝉𝜶 𝜿έ𝝆𝜶𝝈𝜺. ","Θα έφευγε. Από την πόλη, από τη δουλειά, από την προηγούμενη ζωή του γενικότερα. Το μέρος που πέρασε τα τελευταία χρόνια της ζωής του δεν τον σήκωνε άλλο. Έξω είχε κρύο. Παγωνιά. Αλλά δεν τον ένοιαζε. Είχε πάρει τις αποφάσεις του. Σηκώθηκε αργά, αλλά αποφασιστικά, πήρε τις βαλίτσες του, 𝜷𝜸ή𝜿𝜺 έ𝝃𝝎 𝝈𝝉𝝄𝝂 𝜿𝝆ύ𝝄 𝝉𝝄𝝂 𝜿𝜶𝜾𝝆ό, και έφυγε. ","Θα έφευγε. Από την πόλη, από τη δουλειά, από την προηγούμενη ζωή του γενικότερα. Το μέρος που πέρασε τα τελευταία χρόνια της ζωής του δεν τον σήκωνε άλλο. Έξω είχε κρύο. Παγωνιά. Αλλά δεν τον ένοιαζε. Είχε πάρει τις αποφάσεις του. Σηκώθηκε αργά, αλλά αποφασιστικά, πήρε τις βαλίτσες του, 𝜷𝜸ή𝜿𝜺 έ𝝃𝝎 𝝈𝝉𝝄𝝂 𝜿𝝆ύ𝝄 𝜿𝜶𝜾𝝆ό, και έφυγε. "
"2021/10/28 7:30:47 pm GMT+3","ale.chantzis@gmail.com","","Αρσενικό","36","Πτυχίο μεταδευτεροβάθμιας εκπαίδευσης (ΙΕΚ κ.λπ.)","Ναι","Ναι","Ναι","Όχι","Όχι","Αγρίνιο","Όχι","6","2","3","10","10","4","5","10","6","5","2","9","4","10","3","10","9","9","10","10","4","10","10","9","10","10","10","7","3","1","2","7","8","2","1","1","9","10","4","10","4","9","5","10","10","2","10","10","5","2"
"2021/10/28 7:39:46 pm GMT+3","kvavalas@gmail.com","","Αρσενικό","","Πτυχίο μεταδευτεροβάθμιας εκπαίδευσης (ΙΕΚ κ.λπ.)","ναι","Ναι","Ναι","οχι","οχι","Θεσσαλονίκη","οχι","10","8","8","10","10","8","10","10","10","10","3","10","10","8","8","10","10","10","10","10","10","10","10","10","8","10","10","8","1","1","3","8","3","1","1","3","8","8","10","10","10","10","8","10","10","8","10","10","8","10"
"2021/10/29 1:17:22 am GMT+3","efia_@hotmail.com","","Θηλυκό","39","Μεταπτυχιακές σπουδές","Ναι","Ναι","Ναι","Όχι","Όχι","Αθήνα","Όχι","10","8","9","9","9","10","10","7","8","10","9","10","10","9","10","9","10","10","9","10","10","9","9","9","10","10","10","10","9","3","3","10","10","9","3","3","10","9","10","9","10","10","10","10","7","7","9","8","8","10"
"2021/10/29 11:43:30 am GMT+3","jimmysr1986@gmail.com","","Αρσενικό","35","Πτυχίο μεταδευτεροβάθμιας εκπαίδευσης (ΙΕΚ κ.λπ.)","Ναι","Ναι","Ναι","Οχι","Οχι","Θεσσαλονικη","Οχι","10","7","5","8","5","5","5","10","4","10","3","8","10","5","2","10","8","10","10","10","10","10","10","10","10","10","10","10","4","1","5","8","10","4","1","4","10","10","8","10","4","8","8","8","7","10","7","8","8","8"
"2021/10/29 12:28:12 pm GMT+3","rozaluxemberg2013@gmail.com","","Θηλυκό","47","Μεταπτυχιακές σπουδές","Όχι ","Ναι","Κύπρο ","Οχι","Κυπριακής ","Κύπρο ","Κυπριακής ελληνικής ","10","1","1","10","10","10","10","10","10","10","10","10","10","10","10","10","10","10","10","10","10","10","10","10","10","10","10","10","10","1","1","10","10","1","1","1","10","10","10","10","10","10","10","10","10","1","10","10","10","10"
"2021/10/29 2:06:15 pm GMT+3","foinidis@hotmail.com","","Αρσενικό","45","Μεταπτυχιακές σπουδές","Ναι.","Ναι","Ναι","Οχι","Οχι","Θεσσαλονίκη","Οχι","9","9","10","10","8","10","10","8","5","10","5","10","10","10","3","8","5","10","10","8","10","10","7","3","10","10","10","10","5","3","3","5","5","8","3","1","9","8","10","10","10","9","9","10","10","3","5","10","10","9"
"2021/10/29 5:07:33 pm GMT+3","mirtopotika@gmail.com","","Θηλυκό","39","πτυχιο τριτοβαθμιας εκπαιδευσης","ναι","Ναι","Ναι","οχι","οχι","Γρεβενά","οχι","10","10","10","10","7","8","2","2","1","3","9","3","4","2","7","10","10","9","10","9","9","9","9","9","9","10","10","7","10","4","2","10","10","2","1","2","8","3","10","9","5","8","2","5","7","10","2","10","3","2"
"2021/10/29 5:36:13 pm GMT+3","mariakyriakidoy74@yahoo.gr","","Θηλυκό","47","Απολυτήριο γυμνασίου/λυκείου","ΝΑΙ","Ναι","Ναι","ΟΧΙ","ΝΑΙ ΑΓΓΛΙΚΑ","ΑΘΗΝΑ","ΟΧΙ","1","10","10","10","10","10","10","1","1","10","5","1","1","10","10","1","1","1","10","10","10","10","10","10","10","10","10","1","1","1","1","1","10","10","1","1","10","10","10","10","10","10","10","10","10","1","1","10","10","10"
"2021/10/29 8:27:38 pm GMT+3","georgopoulou.athanasia@gmail.com","","Θηλυκό","35","Μεταπτυχιακές σπουδές","Ναι","Ναι","Ναι","Όχι","Όχι","Πάτρα","Όχι","2","1","1","7","10","1","1","3","10","1","8","2","4","3","2","10","10","10","10","10","10","10","10","6","10","10","10","10","7","4","2","8","6","1","2","1","9","7","10","10","8","2","6","2","10","5","7","10","7","3"
"2021/10/29 9:24:24 pm GMT+3","georgek81@gmail.com","","Αρσενικό","40","Πτυχίο μεταδευτεροβάθμιας εκπαίδευσης (ΙΕΚ κ.λπ.)","Ναι","Ναι","Ναι","Όχι","Όχι","Γρεβενά, Δυτική Μακεδονία","Όχι","10","4","4","10","5","6","9","10","8","10","9","6","7","8","6","9","8","8","9","7","6","10","6","9","10","10","9","7","8","1","2","8","8","3","1","3","8","10","8","10","10","8","8","10","10","10","7","8","8","10"
"2021/10/29 10:28:38 pm GMT+3","dionysiamich@gmail.com","","Θηλυκό","36","Μεταπτυχιακές σπουδές","Ναι","Ναι","Ελβετια, 6 χρόνια","Οχι","Οχι","Γρεβενά","Οχι","10","10","10","10","10","10","10","10","10","10","10","10","10","10","10","10","10","10","10","10","9","10","10","10","10","10","10","10","10","10","9","10","10","10","8","10","10","10","10","10","10","10","10","9","10","9","10","10","9","10"
"2021/10/30 11:20:52 am GMT+3","katvaiou1@gmail.com","","Θηλυκό","56","Μεταπτυχιακές σπουδές","Ναι","Ναι","Ναι","Όχι","Γρεβενιώτικα σπαστά","Γρεβενά","Γρεβενιώτικα","6","4","5","6","4","10","8","6","9","8","7","10","10","7","5","8","10","8","10","6","10","8","5","5","10","10","10","7","4","3","5","10","6","4","3","3","5","6","8","6","6","10","9","7","7","7","10","9","8","9"
"2021/10/30 12:58:26 pm GMT+3","yiannisc@gmail.com","","Αρσενικό","47","Μεταπτυχιακές σπουδές","Ναι","Ναι","Ηνωμένο Βασίλειο, 27","Όχι","Όχι","Αθήνα","Όχι","10","9","7","10","10","9","5","9","10","9","6","9","9","10","9","10","10","10","10","9","8","10","9","9","10","10","9","9","9","8","2","9","7","9","8","2","10","10","10","9","9","10","10","9","10","10","10","9","4","10"
"2021/10/30 6:30:17 pm GMT+3","giotoolpaok@gmail.com","","Θηλυκό","34","Μεταπτυχιακές σπουδές","Ναι","Ναι","Ναι","Οχι","Οχι","Γρεβενα","Οχι","1","1","1","9","7","1","6","5","2","1","6","5","3","7","3","7","10","6","10","9","8","1","5","2","9","9","10","9","1","1","1","3","4","1","1","1","9","6","10","1","1","10","9","9","8","1","2","9","7","3"
"2021/10/30 9:39:00 pm GMT+3","konsmark8@gmail.com","","Θηλυκό","30","Πτυχίο μεταδευτεροβάθμιας εκπαίδευσης (ΙΕΚ κ.λπ.)","Ναι ","Ναι","Ναι","Όχι","Όχι","Καστοριά","Όχι ","9","2","3","7","9","9","7","8","6","5","9","7","9","3","3","9","6","7","6","9","8","8","8","9","10","5","4","6","6","2","1","7","4","1","2","4","3","5","8","7","5","9","3","8","7","9","9","8","3","5"
"2021/10/30 9:44:55 pm GMT+3","kikhmarkou15@gmail.com","","Θηλυκό","24","Πτυχίο μεταδευτεροβάθμιας εκπαίδευσης (ΙΕΚ κ.λπ.)","ΝΑΙ","Ναι","Ναι","Οχι","ΟΧΙ","Οχι","ΟΧΙ","3","4","4","3","5","3","4","4","4","3","4","2","3","4","4","4","5","4","3","4","5","3","5","7","3","4","5","5","4","5","5","4","4","4","4","4","4","5","4","5","3","3","5","3","4","3","4","4","4","3"
"2021/10/30 10:03:02 pm GMT+3","ioannabrs@gmail.com","","Θηλυκό","34","Πτυχίο μεταδευτεροβάθμιας εκπαίδευσης (ΙΕΚ κ.λπ.)","Ναι ","Ναι","Ναι","Οχι","Οχι","Κοζανη","Οχι","6","7","6","8","8","7","5","5","7","6","8","7","6","7","7","6","8","6","8","8","5","9","8","7","8","5","7","8","7","8","6","7","9","6","5","6","5","8","8","7","6","5","6","8","7","8","9","6","7","4"
"2021/10/30 10:24:01 pm GMT+3","nasos_a@yahoo.gr","","Αρσενικό","44","Πτυχίο μεταδευτεροβάθμιας εκπαίδευσης (ΙΕΚ κ.λπ.)","Ναι ","Ναι","Ναι","Όχι ","Όχι ","Θεσσαλονίκη ","Όχι ","5","4","8","8","8","9","8","2","3","7","9","8","7","5","7","10","10","10","10","9","5","8","9","9","7","7","10","8","3","3","2","4","4","3","3","3","10","8","10","8","8","8","8","9","9","7","4","5","5","9"
"2021/10/30 10:26:40 pm GMT+3","ria@serefidis.gr","","Θηλυκό","46","Πτυχίο μεταδευτεροβάθμιας εκπαίδευσης (ΙΕΚ κ.λπ.)"," Ναι","Ναι","Ναι","Όχι","Όχι","Θεσσαλονίκη","Όχι","10","6","10","9","9","3","4","4","4","8","3","3","3","6","3","6","10","10","5","10","8","4","10","10","10","8","6","8","4","4","8","9","9","5","5","9","8","10","9","10","8","8","10","10","10","7","5","7","4","4"
"2021/10/30 10:48:31 pm GMT+3","stellipava@windowslive.com","","Θηλυκό","38","Πτυχίο μεταδευτεροβάθμιας εκπαίδευσης (ΙΕΚ κ.λπ.)","Ναι ","Ναι","Ναι","Όχι ","Όχι ","Καβάλα ","Όχι ","1","1","10","10","8","7","5","9","7","9","8","3","9","3","4","10","10","6","10","9","9","9","9","10","10","10","9","8","3","2","3","7","7","5","2","2","7","6","9","8","7","9","7","7","9","9","5","7","7","8"
"2021/10/30 10:54:33 pm GMT+3","angelgeo87@gmail.com","","Θηλυκό","34","Μεταπτυχιακές σπουδές","Ναι","Ναι","Ναι","Όχι","Όχι","Καστοριά","Όχι","8","8","9","7","9","6","9","6","9","8","8","5","7","5","7","9","9","7","10","8","10","8","7","9","10","10","8","8","7","1","1","5","7","10","5","3","6","9","8","6","10","8","9","9","8","8","1","7","7","7"
"2021/10/31 4:01:35 am GMT+3","polina.magglari@outlook.com","","Θηλυκό","31","Πτυχίο μεταδευτεροβάθμιας εκπαίδευσης (ΙΕΚ κ.λπ.)","Ναι ","Ναι","Ναι","Όχι ","Όχι ","Θεσσαλονίκη","Όχι ","10","10","10","10","10","10","10","1","1","10","10","1","10","6","10","10","1","10","10","10","10","10","10","10","10","10","10","10","1","1","1","1","10","1","6","1","10","10","10","10","1","10","10","6","10","5","10","1","1","1"
"2021/10/31 12:54:04 pm GMT+3","theodoros.tsilios@gmail.com","","Αρσενικό","39","Πτυχιο Πανεπιστημίου ","Ναι","Ναι","Στοκχόλμη 10 χρονια","Οχι","Οχι","Νεα Καλλικρατεια ","Οχι","3","4","2","3","7","8","7","3","7","8","7","8","8","4","6","9","9","8","8","9","4","3","9","9","10","10","2","9","8","7","3","8","5","8","3","4","4","4","7","3","10","3","4","4","7","2","3","5","6","5"
"2021/11/04 1:16:41 pm GMT+3","liampasand@gmail.com","","Αρσενικό","26","Μεταπτυχιακές σπουδές","ΝΑΙ","Ναι","ΚΥΠΡΟΣ","ΟΧΙ","ΟΧΙ","ΓΡΕΒΕΝΑ","ΟΧΙ","6","9","7","5","8","9","4","4","1","3","5","9","8","7","6","8","10","8","6","5","9","3","4","4","5","9","8","9","7","1","4","3","4","5","1","1","8","5","10","5","3","10","8","4","7","4","4","3","4","6"
"2021/11/04 1:35:24 pm GMT+3","kapetanopoulou@hotmail.com","","Θηλυκό","51","Μεταπτυχιακές σπουδές","Ναι","Ναι","Ναι","Όχι","Όχι","Άργος","Όχι","10","5","10","10","1","1","1","10","10","10","10","10","1","10","10","10","10","10","10","10","10","10","1","1","10","10","10","10","5","5","5","10","10","10","1","1","10","1","10","1","10","10","10","10","10","1","10","1","10","10"
"2021/11/05 1:19:06 pm GMT+3","christoschantzis82@gmail.com","","Αρσενικό","39","Μεταπτυχιακές σπουδές","ΝΑΙ","Ναι","Ναι","ΟΧΙ","ΟΧΙ","ΑΓΡΙΝΙΟ","ΟΧΙ","5","4","8","10","9","10","9","5","6","9","5","6","10","6","5","2","1","4","3","8","6","7","9","10","8","8","10","9","6","5","7","10","9","6","5","7","9","10","7","8","1","2","10","9","8","7","10","9","9","10"
"2021/11/17 10:05:23 pm GMT+3","iliaskolokousis@hotmail.gr","","Άλλο","22","Πτυχίο μεταδευτεροβάθμιας εκπαίδευσης (ΙΕΚ κ.λπ.)","Ναι","Ναι","Ναι","Όχι ","Όχι ","Αθήνα ","Όχι ","10","9","10","10","10","4","4","8","10","5","10","6","9","10","10","10","10","10","10","5","10","10","10","9","10","10","10","10","6","7","9","10","10","4","7","10","9","6","9","7","10","10","10","10","10","6","8","10","10","10"
"2021/11/17 10:48:33 pm GMT+3","businabus2017@gmail.com","","Θηλυκό","34","Μεταπτυχιακές σπουδές","Όχι","Ναι","Τα τελευταία 4 χρόνια μένω στην Ελλάδα, αλλά είμαι από τη Ρωσία","Ρωσικά","Όχι","Αγία Πετρούπολη, Ρωσία","Όχι","10","10","6","3","10","10","1","10","7","3","10","10","10","3","10","10","10","3","10","10","10","10","5","9","10","10","10","10","10","10","10","10","9","10","8","10","10","10","10","3","3","10","10","9","10","10","10","10","1","10"
"2021/11/17 10:57:18 pm GMT+3","christinstef95@gmail.com","","Θηλυκό","26","Μεταπτυχιακές σπουδές","Ναι","Ναι","Ναι","Όχι","Όχι","Θεσσαλονίκη","Ναι της ποντιακής","10","3","3","10","10","10","10","10","10","5","5","10","5","10","10","10","10","10","10","7","8","10","10","10","10","10","10","10","5","3","3","10","7","3","3","7","10","10","10","10","5","8","10","5","10","3","8","10","5","3"
"2021/11/18 2:03:27 am GMT+3","vasilikiktl@gmail.com","","Θηλυκό","22","Μεταπτυχιακές σπουδές","Nαι","Ναι","Ναι","Όχι","Όχι","Πειραιάς","Όχι","10","4","10","10","10","10","6","4","5","10","10","7","10","4","10","10","8","7","10","10","7","8","4","3","10","10","10","8","10","6","7","10","8","6","3","3","8","7","10","7","6","10","7","6","10","7","8","4","6","6"
"2021/11/18 12:28:34 pm GMT+3","eiregia@yahoo.gr","","Θηλυκό","23","Μεταπτυχιακές σπουδές","Ναι","Ναι","Ναι","Οχι","Καλυμνικα","Κάλυμνος","Καλύμνικα","10","7","9","10","9","7","9","8","10","10","10","10","10","4","3","10","10","10","8","7","10","10","7","10","10","10","10","7","7","3","3","9","10","2","2","4","9","5","10","6","10","10","10","10","10","10","9","10","7","9"
"2021/11/18 3:37:54 pm GMT+3","papasjim98@yahoo.gr","","Αρσενικό","23","Προπτυχιακές σπουδές","Ναι","Ναι","Ναι","Όχι","Όχι","Αθήνα","Όχι","10","8","7","10","10","10","10","7","8","9","10","10","9","9","7","10","10","10","10","10","8","10","10","7","10","10","10","9","10","2","4","10","5","4","1","4","9","10","10","10","10","10","10","9","10","5","6","10","7","10"
"2021/11/18 4:44:57 pm GMT+3","efrosinisk@gmail.com","","Θηλυκό","23","Μεταπτυχιακές σπουδές","Ναι ","Ναι","Ναι","-","Κρητική Διάλεκτος","Ηράκλειο, Κρήτης","Επιρροές από κρητική διάλεκτο.","10","7","10","10","10","10","9","7","10","7","10","10","8","1","10","3","10","7","10","10","10","7","10","10","10","10","10","9","7","1","1","10","9","7","1","1","3","6","10","6","8","10","10","9","10","5","9","10","4","10"
"2021/11/18 5:09:14 pm GMT+3","erofilips7@yahoo.gr","","Θηλυκό","25","Μεταπτυχιακές σπουδές","Ναι","Ναι","Ναι","Όχι","Κρητική διάλεκτος","Ηράκλειο Κρήτης","Κρητική διάλεκτος επίσης","10","6","6","10","10","10","3","1","8","7","8","6","8","9","9","6","9","8","10","10","10","10","8","4","10","10","9","9","7","7","6","9","9","7","6","6","7","9","9","10","9","9","9","8","9","4","9","9","9","10"
"2022/09/16 5:15:56 pm GMT+3","aroussou2@gmail.com","","Θηλυκό","55","Διδακτορικές σπουδές","ΝΑΙ","Ναι","Ναι","ΟΧΙ","ΟΧΙ","ΑΝΩ ΓΛΥΦΑΔΑ, ΑΤΤΙΚΗ","ΝΑΙ","10","7","8","10","10","10","7","10","10","10","10","10","8","10","10","10","10","10","10","10","3","10","10","10","10","10","10","10","1","2","3","10","10","1","1","1","10","10","10","10","9","10","10","10","10","10","8","8","7","10"