"Timestamp","Username","Φύλο","Ηλικία","Επίπεδο Σπουδών","Είστε φυσική/ος ομιλήτρια/ομιλητής των Ελληνικών;","Έχετε συχνή επαφή με την ελληνική γλώσσα; Αν όχι, πατήστε στο ""άλλο"" και γράψτε την αιτία που γίνεται αυτό.","Μένετε στην Ελλάδα; Αν όχι, πατήστε στο ""άλλο"" και αναφέρετε τον τόπο διαμονής σας και πόσα χρόνια ζείτε εκεί.","Μήπως είστε δίγλωσσο/πολύγλωσσο άτομο; Δηλαδή, εκτός από την ελληνική έχετε και άλλη μητρική γλώσσα; Αν ναι, δηλώστε ποια/ποιες είναι αυτές οι μητρικές. ","Είστε ομιλητής κάποιας άλλης ποικιλίας της Ελληνικής; Αν ναι, πέστε μας ποιας","Σε ποια περιοχή της Ελλάδος μεγαλώσατε μέχρι τα 18 σας; Αν μεγαλώσατε στο εξωτερικό, δηλώστε τα μέρη καταγωγής των γονιών σας. ","Δηλώστε αν οι γονείς σας είναι ομιλητές κάποιας άλλης ποικιλίας της Ελληνικής","Ο Κώστας και η Άννα παρακολοθούν μία ομιλία σε ένα συνέδριο. Την ομιλία δίνουν δύο επιστήμονες, ένας που μιλάει πολύ γρήγορα και ένας που μιλάει πολύ αργά. Μετά το τέλος της ομιλίας η Άννα λέει στον Κώστα: «Ο γρήγορος ο ομιλητής δουλεύει στο Αριστοτέλειο.»","Ο Κώστας και η Άννα παρακολοθούν μία ομιλία σε ένα συνέδριο. Την ομιλία δίνουν δύο επιστήμονες, ένας που μιλάει πολύ γρήγορα και ένας που μιλάει πολύ αργά. Μετά το τέλος της ομιλίας η Άννα λέει στον Κώστα: «Ο γρήγορος ομιλητής δουλεύει στο Αριστοτέλειο.»","Η Τούλα και η Ελένη έχουν πάει σε μία συναυλία. Στο πρώτο μέρος της συναυλίας τραγουδούν δύο νέοι τραγουδιστές, ένας που τραγουδάει πολύ ωραία και ένας που τραγουδάει χάλια. Με το που τελειώνει το πρώτο μέρος της συναυλίας η Τούλα λέει στην Ελένη: «Ο ωραίος ο τραγουδιστής είναι από τα Γρεβενά.»","Η Τούλα και η Ελένη έχουν πάει σε μία συναυλία. Στο πρώτο μέρος της συναυλίας τραγουδούν δύο νέοι τραγουδιστές, ένας που τραγουδάει πολύ ωραία και ένας που τραγουδάει χάλια. Με το που τελειώνει το πρώτο μέρος της συναυλίας η Τούλα λέει στην Ελένη: «Ο ωραίος τραγουδιστής είναι από τα Γρεβενά.»","Ο Αιμίλιος και η Χαρά παρακολουθούν μία πολιτική εκπομπή στην τηλεόραση στην οποία συμμετέχουν ο νυν και ο πρώην υπουργοί Γεωργίας. Μετά το τέλος της εκπομπής η Χαρά λέει στον Αιμίλιο: «Ο πρώην ο υπουργός Γεωργίας θα καταλήξει στη φυλακή.» ","Ο Αιμίλιος και η Χαρά παρακολουθούν μία πολιτική εκπομπή στην τηλεόραση στην οποία συμμετέχουν ο νυν και ο πρώην υπουργοί Γεωργίας. Μετά το τέλος της εκπομπής η Χαρά λέει στον Αιμίλιο: «Ο πρώην υπουργός Γεωργίας θα καταλήξει στη φυλακή.» ","Η Βάσω εξιστορεί στον γιό της την ιστορία του Β' Παγκοσμίου Πολέμου. Αφού του εξηγεί ότι στην Ελλάδα εισέβαλαν δύο χώρες, πρώτα η Ιταλία και μετά η Γερμανία, του λέει: «Η Ιταλική η εισβολή απωθήθηκε, η Γερμανική όχι.» ","Η Βάσω εξιστορεί στον γιό της την ιστορία του Β' Παγκοσμίου Πολέμου. Αφού του εξηγεί ότι στην Ελλάδα εισέβαλαν δύο χώρες, πρώτα η Ιταλία και μετά η Γερμανία, του λέει: «Η Ιταλική εισβολή απωθήθηκε, η Γερμανική όχι.»","Αυτό το Σαββατοκύριακο η Ρένια και ο Γιώργος είδαν δύο παραστάσεις, μία την Παρασκευή που τους άρεσε πάρα πολύ και μία το Σάββατο που τους άφησε αδιάφορους. Αφού συζήτησαν τις εντυπώσεις τους η Ρένια είπε στον Γιώργο: «Στην εκπληκτική την παράσταση της Παρασκευής θα ξαναπήγαινα.»","Αυτό το Σαββατοκύριακο η Ρένια και ο Γιώργος είδαν δύο παραστάσεις, μία την Παρασκευή που τους άρεσε πάρα πολύ και μία το Σάββατο που τους άφησε αδιάφορους. Αφού συζήτησαν τις εντυπώσεις τους η Ρένια είπε στον Γιώργο: «Στην εκπληκτική παράσταση της Παρασκευής θα ξαναπήγαινα.»","Η Μυρσίνη, δημοσιογράφος σε μεγάλη εφημερίδα, συζητάει με τον αρχισυντάκτη ποια φωτογραφία πρέπει να μπει στο πρωτοσέλιδο. Στη μία εμφανίζεται ο δράστης  ενός εγκλήματος που μόλις  καταδικάστηκε σε δέκα χρόνια φυλακή. Στη δεύτερη εμφανίζεται ο γιός  μιας υπουργού της κυβέρνησης, που φέρεται να καταχράστηκε δημόσιο χρήμα. Η Μυρσίνη λέει στον αρχισυντάκτη: «Ο φερόμενος ο δράστης του δεύτερου εγκλήματος θα πουλήσει περισσότερα φύλλα.»","Η Μυρσίνη, δημοσιογράφος σε μεγάλη εφημερίδα, συζητάει με τον αρχισυντάκτη ποια φωτογραφία πρέπει να μπει στο πρωτοσέλιδο. Στη μία εμφανίζεται ο δράστης  ενός εγκλήματος που μόλις  καταδικάστηκε σε δέκα χρόνια φυλακή. Στη δεύτερη εμφανίζεται ο γιός  μιας υπουργού της κυβέρνησης, που φέρεται να καταχράστηκε δημόσιο χρήμα. Η Μυρσίνη λέει στον αρχισυντάκτη: «Ο φερόμενος δράστης του δεύτερου εγκλήματος θα πουλήσει περισσότερα φύλλα.»","Ο Κώστας γύρισε την Κυριακή από ένα συνέδριο, όπου του έκανε μεγάλη εντύπωση ένας ομιλητής που μιλούσε πάρα πολύ γρήγορα. Την Δευτέρα που ξαναγύρισε στη δουλειά μιλούσε για μισή ώρα στην συνάδελφο του την Άννα για αυτόν τον ομιλητή. Την επόμενη μέρα ο Κώστας λέει στην Άννα: «Ο γρήγορος ο ομιλητής που σου έλεγα χθες δουλεύει στο Αριστοτέλειο.»","Ο Κώστας γύρισε την Κυριακή από ένα συνέδριο, όπου του έκανε μεγάλη εντύπωση ένας ομιλητής που μιλούσε πάρα πολύ γρήγορα. Την Δευτέρα που ξαναγύρισε στη δουλειά μιλούσε για μισή ώρα στην συνάδελφο του την Άννα για αυτόν τον ομιλητή. Την επόμενη μέρα ο Κώστας λέει στην Άννα: «Ο γρήγορος ομιλητής που σου έλεγα χθες δουλεύει στο Αριστοτέλειο.»","Η Τούλα πήγε την Παρασκευή σε μία συναυλία όπου άκουσε μία νέα τραγουδίστρια να τραγουδάει πάρα πολύ ωραία. Όταν συνάντησε την Κυριακή την φίλη της την Ελένη της μιλούσε όλη την ώρα για αυτή την τραγουδίστρια. Την επόμενη μέρα η Τούλα παίρνει τηλέφωνο της Ελένη και της λέει: «Η ωραία η τραγουδίστρια που σου έλεγα χθες είναι από τα Γρεβενά!»","Η Τούλα πήγε την Παρασκευή σε μία συναυλία όπου άκουσε μία νέα τραγουδίστρια να τραγουδάει πάρα πολύ ωραία. Όταν συνάντησε την Κυριακή την φίλη της την Ελένη της μιλούσε όλη την ώρα για αυτή την τραγουδίστρια. Την επόμενη μέρα η Τούλα παίρνει τηλέφωνο της Ελένη και της λέει: «Η ωραία τραγουδίστρια που σου έλεγα χθες είναι από τα Γρεβενά!»","Η Χαρά παρακολουθεί στενά τις εξελίξεις που αφορούν ένα σκάνδαλο επιδοτήσεων του υπουργείου Γεωργίας στο οποίο κύριος εμπλεκόμενος είναι ένας πρώην υπουργός. Την Κυριακή, η Χαρά εξιστορεί τις εξελίξεις στον Αιμίλιο. Την επόμενη μέρα, η Χαρά παίρνει τηλέφωνο τον Αιμίλιο και του λέει: «Ο πρώην ο υπουργός που σου έλεγα χθες θα καταλήξει σίγουρα στη φυλακή.» ","Η Χαρά παρακολουθεί στενά τις εξελίξεις που αφορούν ένα σκάνδαλο επιδοτήσεων του υπουργείου Γεωργίας στο οποίο κύριος εμπλεκόμενος είναι ένας πρώην υπουργός. Την Κυριακή, η Χαρά εξιστορεί τις εξελίξεις στον Αιμίλιο. Την επόμενη μέρα, η Χαρά παίρνει τηλέφωνο τον Αιμίλιο και του λέει: «Ο πρώην υπουργός που σου έλεγα χθες θα καταλήξει σίγουρα στη φυλακή.»","Η Βάσω εξιστορεί στον γιό της την ιστορία του Β' Παγκοσμίου Πολέμου. Την Κυριακή επικεντρώθηκε στην εισβολή της Ιταλίας στην Ελλάδα, αλλά δεν θυμόταν να του πει πότε ακριβώς αυτή ξεκίνησε. Την επόμενη μέρα, η Βάσω λέει στον γιο της: «Η Ιταλική η εισβολή που σου εξιστορούσα χθες ξεκίνησε τον Οκτώβριο του 1940.» ","Η Βάσω εξιστορεί στον γιό της την ιστορία του Β' Παγκοσμίου Πολέμου. Την Κυριακή επικεντρώθηκε στην εισβολή της Ιταλίας στην Ελλάδα, αλλά δεν θυμόταν να του πει πότε ακριβώς αυτή ξεκίνησε. Την επόμενη μέρα, η Βάσω λέει στον γιο της: «Η Ιταλική εισβολή που σου εξιστορούσα χθες ξεκίνησε τον Οκτώβριο του 1940.»","Η Ρένια είδε την Παρασκευή μία παράσταση που της άρεσε πάρα πολύ. Το Σάββατο δεν μπορούσε να σταματήσει να λέει στον Γιώργο πόσο εκπληκτική ήταν η παράσταση. Την επόμενη μέρα η Ρένια λέει στον Γιώργο ενθουσιασμένη: «Η εκπληκτική η παράσταση που σου έλεγα χθες ανανεώθηκε για τρεις μήνες ακόμα!»","Η Ρένια είδε την Παρασκευή μία παράσταση που της άρεσε πάρα πολύ. Το Σάββατο δεν μπορούσε να σταματήσει να λέει στον Γιώργο πόσο εκπληκτική ήταν η παράσταση. Την επόμενη μέρα η Ρένια λέει στον Γιώργο ενθουσιασμένη: «Η εκπληκτική παράσταση που σου έλεγα χθες ανανεώθηκε για τρεις μήνες ακόμα!»","Η Μυρσίνη, δημοσιογράφος σε μεγάλη εφημερίδα, γράφει για ένα σκάνδαλο κατάχρησης δημοσίου χρήματος στο οποίο εμπλέκεται ένας σχετικά άγνωστος διοικητής νοσοκομείου. Την Δευτέρα, η Μυρσίνη εξιστορεί στον αρχισυντάκτη της εφημερίδας ό,τι είναι γνωστό για τον φερόμενο δράστη της κατάχρησης. Την επόμενη μέρα, η Μυρσίνη λέει στον αρχισυντάκτη: «Ο φερόμενος ο δράστης που σου έλεγα χθες ομολόγησε!» ","Η Μυρσίνη, δημοσιογράφος σε μεγάλη εφημερίδα, γράφει για ένα σκάνδαλο κατάχρησης δημοσίου χρήματος στο οποίο εμπλέκεται ένας σχετικά άγνωστος διοικητής νοσοκομείου. Την Δευτέρα, η Μυρσίνη εξιστορεί στον αρχισυντάκτη της εφημερίδας ό,τι είναι γνωστό για τον φερόμενο δράστη της κατάχρησης. Την επόμενη μέρα, η Μυρσίνη λέει στον αρχισυντάκτη: «Ο φερόμενος δράστης που σου έλεγα χθες ομολόγησε!»  ","Ο Γιάννης, ο δωδεκάχρονος γιος της Χριστίνας, έχει τελευταία μανία με τα φίδια. Αυτή την εβδομάδα διάβασε για τις κόμπρες και ενθουσιάστηκε με το ότι είναι δηλητηριώδεις. Όλη την Κυριακή δεν μπορούσε να σταματήσει να μιλάει στην Χριστίνα για τις κόμπρες και το δηλητήριό τους. Την Δευτέρα ο Γιάννης λέει στη Χριστίνα: «Ευτυχώς, οι δηλητηριώδεις οι κόμπρες που σου έλεγα χθες δεν ζουν στην Ευρώπη!»  ","Ο Γιάννης, ο δωδεκάχρονος γιος της Χριστίνας, έχει τελευταία μανία με τα φίδια. Αυτή την εβδομάδα διάβασε για τις κόμπρες και ενθουσιάστηκε με το ότι είναι δηλητηριώδεις. Όλη την Κυριακή δεν μπορούσε να σταματήσει να μιλάει στην Χριστίνα για τις κόμπρες και το δηλητήριό τους. Την Δευτέρα ο Γιάννης λέει στη Χριστίνα: «Ευτυχώς, οι δηλητηριώδεις κόμπρες που σου έλεγα χθες δεν ζουν στην Ευρώπη!»  ","Ο Γιάννης, ο δωδεκάχρονος γιος της Χριστίνας, έχει τελευταία μανία με τα φίδια. Αυτή την εβδομάδα διάβασε για τις κόμπρες και ενθουσιάστηκε με το ότι είναι δηλητηριώδεις. Όλη την Κυριακή δεν μπορούσε να σταματήσει να μιλάει στην Χριστίνα για τις κόμπρες και το δηλητήριό τους. Το βράδυ η Χριστίνα λεέι στον Γιάννη: «Αυτές τις δηλητηριώδεις τις κόμπρες, σε παρακαλώ, να μην τις ξανα-αναφερεις.»  ","Ο Γιάννης, ο δωδεκάχρονος γιος της Χριστίνας, έχει τελευταία μανία με τα φίδια. Αυτή την εβδομάδα διάβασε για τις κόμπρες και ενθουσιάστηκε με το ότι είναι δηλητηριώδεις. Όλη την Κυριακή δεν μπορούσε να σταματήσει να μιλάει στην Χριστίνα για τις κόμπρες και το δηλητήριό τους. Το βράδυ η Χριστίνα λεέι στον Γιάννη: «Αυτές τις δηλητηριώδεις κόμπρες, σε παρακαλώ, να μην τις ξανα-αναφερεις.»  ","Κάθε φορά που πηγαίνει στην λαϊκή αγορά, ο Μάριος επιστρέφει σπίτι με μεγάλες ποσότητες φρούτων. Αυτή την εβδομάδα γύρισε σπίτι με τρία κιλά μήλα, που έιναι το αγαπημένο του φρούτο. Όταν επέστρεψε από ένα μικρό ταξίδι μετά από λίγες μέρες, η γυναίκα του του λέει: «Τα τρία τα κιλά τα μήλα που αγόρασες τις προάλλες είναι ακόμα άθιχτα στο ψυγείο.»  ","Ο Μάριος θέλει να κάνει μια συνταγή που χρειάζεται μεγάλες ποσότητες φρούτων, συγκεκριμένα η συνταγή ζητάει τρία κιλά μήλα. Όταν διάβασε την συνταγή στη γυναίκα του για να του πει την γνώμη της, αυτή του είπε: «Τα τρία τα κιλά τα μήλα που ζητάει η συνταγή είναι πάρα πολλά.»  ","Η Μαρία είναι μάρτυρας τρακαρίσματος. Ένα φορτηγό τράκαρε μια μοτοσυκλέτα, ευτυχώς χωρίς να υπάρχουν τραυματίες. Ένας περαστικός που τυχαίνει να περνάει εκείνη την ώρα, σταματάει και ρωτάει τη Μαρία: «Tι συμβαίνει;». Η Μαρία απαντάει: «Το φορτηγό τρακαρε την μοτοσυκλέτα.» ","Ο Νίκος και η Άννα είναι φανατικοί τηλεθεατές μιας καθημερινής σαπουνόπερας. Εχθές, την ώρα που την έβλεπαν, ο Νίκος αναγκάστηκε να λείψει για τρία λεπτά. Όταν γύρισε, ρώτησε την Άννα τι συνέβη όσο έλειπε. Αυτή απάντησε: «Ο Γιάγκος τηλεφώνησε στη Βίρνα.»   ","Ο Νίκος και η Άννα είναι φανατικοί τηλεθεατές μιας καθημερινής σαπουνόπερας. Εχθές, την ώρα που την έβλεπαν, ο Νίκος αναγκάστηκε να λείψει για τρία λεπτά. Όταν γύρισε, ρώτησε την Άννα τι συνέβη όσο έλειπε. Αυτή απάντησε: «Τηλεφώνησε ο Γιάγκος στη Βίρνα.»   ","Ο Νίκος και η Άννα είναι φανατικοί τηλεθεατές μιας καθημερινής σαπουνόπερας. Εχθές, την ώρα που την έβλεπαν, ο Νίκος αναγκάστηκε να λείψει για τρία λεπτά. Όταν γύρισε, ρώτησε την Άννα τι συνέβη όσο έλειπε. Αυτή απάντησε: «Τηλεφώνησε στη Βίρνα ο Γιάγκος.»   ","Ο Νίκος και η Άννα είναι φανατικοί τηλεθεατές μιας καθημερινής σαπουνόπερας. Εχθές, την ώρα που την έβλεπαν, ο Νίκος αναγκάστηκε να λείψει για τρία λεπτά. Όταν γύρισε, ρώτησε την Άννα τι συνέβη όσο έλειπε. Αυτή απάντησε: «Στη Βίρνα τηλεφώνησε ο Γιάγκος.»   ","Ο Νίκος και η Άννα είναι φανατικοί τηλεθεατές μιας καθημερινής σαπουνόπερας. Εχθές, την ώρα που την έβλεπαν, ο Νίκος αναγκάστηκε να λείψει για τρία λεπτά. Όταν γύρισε, ρώτησε την Άννα τι συνέβη όσο έλειπε. Αυτή απάντησε: «Στη Βίρνα ο Γιάγκος τηλεφώνησε.»   ","Ο Νίκος και η Άννα είναι φανατικοί τηλεθεατές μιας καθημερινής σαπουνόπερας. Εχθές, την ώρα που την έβλεπαν, ο Νίκος αναγκάστηκε να λείψει για τρία λεπτά. Όταν γύρισε, ρώτησε την Άννα τι συνέβη όσο έλειπε. Αυτή απάντησε: «Ο Γιάγκος, στη Βίρνα τηλεφώνησε.»   ","Η Μαρία είναι μάρτυρας τρακαρίσματος. Ένα φορτηγό τράκαρε μια μοτοσυκλέτα, ευτυχώς χωρίς να υπάρχουν τραυματίες. Ένας περαστικός που τυχαίνει να περνάει εκείνη την ώρα, σταματάει και ρωτάει τη Μαρία «Tι συμβαίνει;». Η Μαρία απαντάει: «Τράκαρε το φορτηγό τη μοτοσυκλέτα.» ","Η Μαρία είναι μάρτυρας τρακαρίσματος. Ένα φορτηγό τράκαρε μια μοτοσυκλέτα, ευτυχώς χωρίς να υπάρχουν τραυματίες. Ένας περαστικός που τυχαίνει να περνάει εκείνη την ώρα, σταματάει και ρωτάει τη Μαρία: «Tι συμβαίνει;». Η Μαρία απαντάει: «Τράκαρε τη μοτοσυκλέτα το φορτηγό.» ","Η Μαρία είναι μάρτυρας τρακαρίσματος. Ένα φορτηγό τράκαρε μια μοτοσυκλέτα, ευτυχώς χωρίς να υπάρχουν τραυματίες. Ένας περαστικός που τυχαίνει να περνάει εκείνη την ώρα, σταματάει και ρωτάει τη Μαρία: «Tι συμβαίνει;». Η Μαρία απαντάει: «Τη μοτοσυκλέτα τράκαρε το φορτηγό.» ","Η Μαρία είναι μάρτυρας τρακαρίσματος. Ένα φορτηγό τράκαρε μια μοτοσυκλέτα, ευτυχώς χωρίς να υπάρχουν τραυματίες. Ένας περαστικός που τυχαίνει να περνάει εκείνη την ώρα, σταματάει και ρωτάει τη Μαρία: «Tι συμβαίνει;». Η Μαρία απαντάει: «Τη μοτοσυκλέτα το φορτηγό τράκαρε.» ","Η Μαρία είναι μάρτυρας τρακαρίσματος. Ένα φορτηγό τράκαρε μια μοτοσυκλέτα, ευτυχώς χωρίς να υπάρχουν τραυματίες. Ένας περαστικός που τυχαίνει να περνάει εκείνη την ώρα, σταματάει και ρωτάει τη Μαρία: «Τι συμβαίνει;». Η Μαρία απαντάει: «Το φορτηγό, τη μοτοσυκλέτα τράκαρε.» ","Η Μαρία είναι μάρτυρας τρακαρίσματος. Ένα φορτηγό τράκαρε μια μοτοσυκλέτα, ευτυχώς χωρίς να υπάρχουν τραυματίες. Ένας περαστικός που τυχαίνει να περνάει εκείνη την ώρα βλέπει την κατεστραμμένη μοτοσυκλέτα και ρωτάει τη Μαρία: «Ποιος τράκαρε τη μοτοσυκλέτα;». Η Μαρία απαντάει: «Τη μοτοσυκλέτα το φορτηγό τράκαρε.» ","Η Μαρία είναι μάρτυρας τρακαρίσματος. Ένα φορτηγό τράκαρε μια μοτοσυκλέτα, ευτυχώς χωρίς να υπάρχουν τραυματίες. Ένας περαστικός που τυχαίνει να περνάει εκείνη την ώρα βλέπει την κατεστραμμένη μοτοσυκλέτα και ρωτάει τη Μαρία: «Ποιος τράκαρε τη μοτοσυκλέτα;». Η Μαρία απαντάει: «Το φορτηγό τη μοτοσυκλέτα τράκαρε.» "
"2025/07/24 4:53:36 pm GMT+3","dionysiamich@gmail.com","Θηλυκό","40","Μεταπτυχιακές σπουδές","Ναι","Ναι","Λωζάνη, 9 χρόνια","Οχι","Όχι","Γρεβενά","Όχι","10","10","3","2","5","10","1","1","10","10","3","4","10","10","10","4","10","10","10","10","10","10","8","10","10","10","10","10","2","8","10","10","10","10","8","3","4","9","10","5","1","3","1","1"
"2025/07/24 4:58:42 pm GMT+3","ale.chantzis@gmail.com","Αρσενικό","40","Πτυχίο ΑΕΙ","ΝΑΙ","Ναι","Ναι","ΟΧΙ","ΟΧΙ","Αγρίνιο Αιτωλ/νίας","ΟΧΙ","10","10","10","10","4","10","8","10","8","8","5","9","10","9","10","10","4","10","5","10","9","10","3","9","8","10","9","10","5","3","10","10","10","7","3","2","3","7","8","3","2","3","2","3"
"2025/07/24 5:08:48 pm GMT+3","foinidis@gmail.com","Αρσενικό","49","Μεταπτυχιακές σπουδές","Ναι. ","Ναι","Ναι","Όχι. ","Όχι.","Θεσσαλονίκη","Όχι. ","5","10","10","10","10","10","5","10","1","10","1","10","5","10","10","10","10","10","5","10","5","10","1","10","5","10","5","10","1","1","10","10","10","5","5","1","5","10","5","1","1","1","1","1"
"2025/07/24 6:05:42 pm GMT+3","kapetanopoulou@hotmail.com","Θηλυκό","55","Μεταπτυχιακές σπουδές","Ναι","Ναι","Ναι","Όχι ","Όχι","Άργος Αργολίδας ","Όχι","8","10","1","2","2","1","1","1","9","10","8","9","10","10","10","10","7","8","9","10","10","10","10","10","1","1","6","8","8","8","10","10","10","9","9","3","8","10","8","8","7","7","6","6"
"2025/07/24 6:53:02 pm GMT+3","nasos_a@yahoo.gr","Αρσενικό","47","Πτυχίο μεταδευτεροβάθμιας εκπαίδευσης (ΙΕΚ κ.λπ.)","Ναι ","Ναι","Ναι","Όχι ","Όχι ","Πυλαία Θεσσαλονίκης ","Όχι ","6","8","8","4","6","8","5","8","6","8","4","4","9","4","8","7","5","7","6","9","6","7","3","5","6","8","7","10","7","6","10","10","8","7","3","5","3","6","9","8","6","6","3","4"
"2025/07/24 10:00:03 pm GMT+3","jimmysr1986@gmail.com","Αρσενικό","38","Πτυχίο μεταδευτεροβάθμιας εκπαίδευσης (ΙΕΚ κ.λπ.)","Ναι","Ναι","Ολλανδια δυο χρονια","Πχι","Οχι","Θεσσαλονικη","Οχι","5","10","10","9","10","9","10","10","2","6","10","9","8","10","10","10","10","10","10","10","9","8","9","10","4","10","2","10","4","3","10","10","10","8","2","2","3","9","4","4","3","3","4","6"
"2025/07/25 4:18:55 pm GMT+3","giotoolpaok@gmail.com","Θηλυκό","38","Μεταπτυχιακές σπουδές","Ναι","Ναι","Ναι","Όχι ","Όχι ","Γρεβενά ","Όχι ","7","10","10","5","1","10","5","10","5","10","1","10","10","9","10","8","1","10","4","10","3","10","5","10","10","10","8","10","6","4","9","10","10","5","4","4","5","7","8","2","4","5","4","3"
"2025/07/28 9:33:07 am GMT+3","kvavalas@gmail.com","Αρσενικό","49","Πτυχίο μεταδευτεροβάθμιας εκπαίδευσης (ΙΕΚ κ.λπ.)","ΝΑΙ","Ναι","Ναι","ΟΧΙ","ΟΧΙ","ΘΕΣΣΑΛΟΝΙΚΗ","ΟΧΙ","1","10","7","10","1","10","1","10","7","10","1","7","7","10","7","10","10","10","1","10","1","10","7","10","7","10","7","7","1","1","10","10","1","7","1","1","1","1","1","1","1","1","1","1"
"2025/07/30 4:30:14 pm GMT+3","christoschantzis82@gmail.com","Αρσενικό","43","Μεταπτυχιακές σπουδές","Ναι","Ναι","Ναι","Όχι","Όχι","Αγρίνιο - Αιτωλοακαρνανία","Όχι","10","9","10","9","4","10","10","9","7","10","4","10","9","10","9","10","4","10","9","10","9","10","5","10","9","10","9","10","7","9","8","8","10","9","6","3","4","10","9","6","4","6","3","4"
"2025/08/07 10:20:58 pm GMT+3","anastasia.natsina@gmail.com","Θηλυκό","50","Διδακτορικές σπουδές","Ναι","Ναι","Ναι","Όχι","Όχι","Αθήνα ","Ναι","10","10","10","10","9","10","10","10","10","9","8","10","10","10","10","10","10","10","10","10","10","10","10","10","10","10","10","10","10","10","10","10","10","10","9","6","5","10","8","8","4","7","3","7"
"2025/08/07 10:30:32 pm GMT+3","xarizo@yahoo.com","Αρσενικό","49","Μεταπτυχιακές σπουδές","Ναι","Ναι","Ναι","Όχι ","Όχι","Γρεβενά ","Όχι","10","9","10","10","1","10","10","10","10","10","2","9","10","10","10","10","10","10","10","10","4","10","1","10","10","10","10","10","5","5","10","10","10","10","1","1","1","10","10","1","1","2","1","1"
"2025/08/18 1:03:55 am GMT+3","yiannisc@gmail.com","Αρσενικό","51","Μεταπτυχιακές σπουδές","Ναι","Ναι","Ηνωμένο Βασίλειο 31 χρόνια ","Όχι ","Οχι","Αθήνα ","Όχι ","9","10","9","10","8","10","9","10","10","10","9","10","10","10","10","10","9","10","9","10","9","10","9","10","10","10","10","10","7","8","10","10","10","9","7","7","7","8","4","6","6","4","3","4"
"2025/08/20 1:29:51 pm GMT+3","ki.avramidou@gmail.com","Θηλυκό","38","Πτυχίο μεταδευτεροβάθμιας εκπαίδευσης (ΙΕΚ κ.λπ.)","Ναι","Ναι","Ναι","Οχι","Οχι","Θεσσαλονίκη ","Οχι","8","10","9","9","5","10","8","9","6","8","5","9","7","8","8","10","7","9","8","10","7","10","7","9","8","9","7","8","5","4","10","10","9","5","5","3","3","9","8","3","3","4","3","3"
"2025/08/20 5:52:03 pm GMT+3","christina.ch.galani@gmail.com","Θηλυκό","39","Μεταπτυχιακές σπουδές","Ναι","Ναι","Γερμανία, 9 χρόνια ","Όχι","Όχι","Θεσσαλονίκη ","Όχι ","8","10","10","10","7","10","9","10","9","10","5","10","10","10","10","10","9","10","10","10","9","10","10","10","9","10","9","10","9","9","10","10","10","10","10","7","5","10","7","6","4","5","6","4"
"2025/08/21 9:42:15 am GMT+3","alkisti05@gmail.com","Θηλυκό","46","Μεταπτυχιακές σπουδές","Ναι","Ναι","Ισπανία ","Όχι ","Όχι ","Αθήνα ","Όχι ","10","10","10","10","10","10","10","10","9","10","9","10","10","10","10","10","10","10","10","10","10","10","10","10","10","10","10","10","10","10","10","10","10","10","4","3","3","10","10","2","3","3","2","3"
"2025/08/21 12:03:54 pm GMT+3","hkaravia@aegean.gr","Θηλυκό","45","Μεταπτυχιακές σπουδές","ναι","Ναι","Ναι","όχι","Αρισβιώτικα","Λέσβο","χουριατ΄'κα","8","9","6","1","6","10","9","10","4","10","4","9","7","9","3","4","4","10","4","10","7","10","2","10","5","10","7","10","4","4","10","10","10","9","4","7","5","9","8","7","3","5","4","9"
"2025/08/22 6:10:15 pm GMT+3","emilios1979@gmail.com","Αρσενικό","46","Μεταπτυχιακές σπουδές","Ναι","Ναι","Ναι","Όχι","Όχι","Θεσσαλονίκη ","Όχι","8","1","2","5","1","7","5","1","1","2","3","1","2","5","6","5","4","10","8","3","4","5","4","4","7","7","2","3","3","8","10","6","8","1","3","1","1","2","7","3","1","1","1","1"
"2025/08/24 11:09:29 am GMT+3","ptsoureas@gmail.com","Αρσενικό","45","Μεταπτυχιακές σπουδές","Ναι","Ναι","Ναι","Οχι ","Αγγλικά ","Αθηνα","Αγγλικά ","5","9","6","9","7","10","9","9","6","9","8","9","9","9","6","8","8","8","10","10","9","8","6","10","9","9","9","9","6","5","10","10","8","10","10","5","6","9","6","7","2","6","7","2"
"2025/08/24 5:11:03 pm GMT+3","panagiota.sidi@gmail.com","Θηλυκό","39","Μεταπτυχιακές σπουδές","Ναι","Ναι","Ναι","Γερμανικά ","Οχι","Θεσσαλονίκη ","Ποντιακή ","9","9","4","4","1","10","7","10","3","10","1","10","10","10","8","9","2","10","4","10","4","9","2","3","3","10","4","10","2","1","10","10","5","8","2","2","4","7","7","2","1","4","1","5"